{
  "region_map": {
    "中国": "中国",
    "CN": "中国",
    "China": "中国",
    "中华": "中国",
    "大陆": "中国",
    "Mainland": "中国",
    "香港": "香港",
    "HK": "香港",
    "Hong Kong": "香港",
    "HongKong": "香港",
    "HKG": "香港",
    "港": "香港",
    "台湾": "台湾",
    "TW": "台湾",
    "Taiwan": "台湾",
    "TWN": "台湾",
    "台": "台湾",
    "日本": "日本",
    "JP": "日本",
    "Japan": "日本",
    "JPN": "日本",
    "日": "日本",
    "韩国": "韩国",
    "KR": "韩国",
    "Korea": "韩国",
    "KOR": "韩国",
    "South Korea": "韩国",
    "韩": "韩国",
    "新加坡": "新加坡",
    "SG": "新加坡",
    "Singapore": "新加坡",
    "SGP": "新加坡",
    "狮城": "新加坡",
    "美国": "美国",
    "US": "美国",
    "USA": "美国",
    "United States": "美国",
    "United States of America": "美国",
    "美": "美国",
    "英国": "英国",
    "UK": "英国",
    "United Kingdom": "英国",
    "GBR": "英国",
    "GB": "英国",
    "England": "英国",
    "德国": "德国",
    "DE": "德国",
    "Germany": "德国",
    "DEU": "德国",
    "德": "德国",
    "法国": "法国",
    "FR": "法国",
    "France": "法国",
    "FRA": "法国",
    "法": "法国",
    "加拿大": "加拿大",
    "CA": "加拿大",
    "Canada": "加拿大",
    "CAN": "加拿大",
    "加": "加拿大",
    "澳大利亚": "澳大利亚",
    "澳洲": "澳大利亚",
    "AU": "澳大利亚",
    "Australia": "澳大利亚",
    "AUS": "澳大利亚",
    "澳": "澳大利亚"
  },
  "server_map": {
    "tokyo": "日本",
    "osaka": "日本",
    "kyoto": "日本",
    "yokohama": "日本",
    "nagoya": "日本",
    "fukuoka": "日本",
    "seoul": "韩国",
    "busan": "韩国",
    "incheon": "韩国",
    "daegu": "韩国",
    "singapore": "新加坡",
    "sgp": "新加坡",
    "hongkong": "香港",
    "hong-kong": "香港",
    "hkg": "香港",
    "hk": "香港",
    "taipei": "台湾",
    "taiwan": "台湾",
    "twn": "台湾",
    "bangkok": "泰国",
    "thailand": "泰国",
    "kuala-lumpur": "马来西亚",
    "kualalumpur": "马来西亚",
    "malaysia": "马来西亚",
    "hanoi": "越南",
    "ho-chi-minh": "越南",
    "hochiminh": "越南",
    "vietnam": "越南",
    "manila": "菲律宾",
    "philippines": "菲律宾",
    "phnom-penh": "柬埔寨",
    "phnompenh": "柬埔寨",
    "cambodia": "柬埔寨",
    "jakarta": "印度尼西亚",
    "indonesia": "印度尼西亚",
    "bali": "印度尼西亚",
    "mumbai": "印度",
    "delhi": "印度",
    "bangalore": "印度",
    "chennai": "印度",
    "kolkata": "印度",
    "india": "印度",
    "karachi": "巴基斯坦",
    "lahore": "巴基斯坦",
    "islamabad": "巴基斯坦",
    "pakistan": "巴基斯坦",
    "dhaka": "孟加拉",
    "bangladesh": "孟加拉",
    "colombo": "斯里兰卡",
    "sri-lanka": "斯里兰卡",
    "srilanka": "斯里兰卡",
    "yangon": "缅甸",
    "myanmar": "缅甸",
    "vientiane": "老挝",
    "laos": "老挝",
    "bandar-seri-begawan": "文莱",
    "brunei": "文莱",
    "ulaanbaatar": "蒙古",
    "mongolia": "蒙古",
    "almaty": "哈萨克斯坦",
    "astana": "哈萨克斯坦",
    "kazakhstan": "哈萨克斯坦",
    "tashkent": "乌兹别克斯坦",
    "uzbekistan": "乌兹别克斯坦",
    "istanbul": "土耳其",
    "ankara": "土耳其",
    "turkey": "土耳其",
    "tel-aviv": "以色列",
    "telaviv": "以色列",
    "jerusalem": "以色列",
    "israel": "以色列",
    "dubai": "阿联酋",
    "abu-dhabi": "阿联酋",
    "abudhabi": "阿联酋",
    "uae": "阿联酋",
    "riyadh": "沙特阿拉伯",
    "jeddah": "沙特阿拉伯",
    "saudi": "沙特阿拉伯",
    "doha": "卡塔尔",
    "qatar": "卡塔尔",
    "kuwait": "科威特",
    "kuwait-city": "科威特",
    "manama": "巴林",
    "bahrain": "巴林",
    "muscat": "阿曼",
    "oman": "阿曼",
    "amman": "约旦",
    "jordan": "约旦",
    "beirut": "黎巴嫩",
    "lebanon": "黎巴嫩",
    "baghdad": "伊拉克",
    "iraq": "伊拉克",
    "tehran": "伊朗",
    "iran": "伊朗",
    "kabul": "阿富汗",
    "afghanistan": "阿富汗",
    "tbilisi": "格鲁吉亚",
    "georgia": "格鲁吉亚",
    "yerevan": "亚美尼亚",
    "armenia": "亚美尼亚",
    "baku": "阿塞拜疆",
    "azerbaijan": "阿塞拜疆",
    "london": "英国",
    "manchester": "英国",
    "birmingham": "英国",
    "edinburgh": "英国",
    "uk": "英国",
    "england": "英国",
    "berlin": "德国",
    "munich": "德国",
    "frankfurt": "德国",
    "hamburg": "德国",
    "cologne": "德国",
    "germany": "德国",
    "paris": "法国",
    "lyon": "法国",
    "marseille": "法国",
    "toulouse": "法国",
    "france": "法国",
    "rome": "意大利",
    "milan": "意大利",
    "naples": "意大利",
    "turin": "意大利",
    "italy": "意大利",
    "madrid": "西班牙",
    "barcelona": "西班牙",
    "valencia": "西班牙",
    "seville": "西班牙",
    "spain": "西班牙",
    "amsterdam": "荷兰",
    "rotterdam": "荷兰",
    "the-hague": "荷兰",
    "hague": "荷兰",
    "netherlands": "荷兰",
    "holland": "荷兰",
    "brussels": "比利时",
    "antwerp": "比利时",
    "ghent": "比利时",
    "belgium": "比利时",
    "zurich": "瑞士",
    "geneva": "瑞士",
    "basel": "瑞士",
    "bern": "瑞士",
    "switzerland": "瑞士",
    "vienna": "奥地利",
    "salzburg": "奥地利",
    "graz": "奥地利",
    "austria": "奥地利",
    "stockholm": "瑞典",
    "gothenburg": "瑞典",
    "malmo": "瑞典",
    "sweden": "瑞典",
    "oslo": "挪威",
    "bergen": "挪威",
    "trondheim": "挪威",
    "norway": "挪威",
    "copenhagen": "丹麦",
    "aarhus": "丹麦",
    "odense": "丹麦",
    "denmark": "丹麦",
    "helsinki": "芬兰",
    "tampere": "芬兰",
    "turku": "芬兰",
    "finland": "芬兰",
    "warsaw": "波兰",
    "krakow": "波兰",
    "gdansk": "波兰",
    "poland": "波兰",
    "prague": "捷克",
    "brno": "捷克",
    "czech": "捷克",
    "czech-republic": "捷克",
    "budapest": "匈牙利",
    "debrecen": "匈牙利",
    "hungary": "匈牙利",
    "bucharest": "罗马尼亚",
    "cluj-napoca": "罗马尼亚",
    "romania": "罗马尼亚",
    "sofia": "保加利亚",
    "plovdiv": "保加利亚",
    "bulgaria": "保加利亚",
    "athens": "希腊",
    "thessaloniki": "希腊",
    "greece": "希腊",
    "lisbon": "葡萄牙",
    "porto": "葡萄牙",
    "portugal": "葡萄牙",
    "dublin": "爱尔兰",
    "cork": "爱尔兰",
    "ireland": "爱尔兰",
    "reykjavik": "冰岛",
    "iceland": "冰岛",
    "moscow": "俄罗斯",
    "saint-petersburg": "俄罗斯",
    "st-petersburg": "俄罗斯",
    "novosibirsk": "俄罗斯",
    "russia": "俄罗斯",
    "kyiv": "乌克兰",
    "kiev": "乌克兰",
    "kharkiv": "乌克兰",
    "odessa": "乌克兰",
    "ukraine": "乌克兰",
    "minsk": "白俄罗斯",
    "belarus": "白俄罗斯",
    "vilnius": "立陶宛",
    "kaunas": "立陶宛",
    "lithuania": "立陶宛",
    "riga": "拉脱维亚",
    "latvia": "拉脱维亚",
    "tallinn": "爱沙尼亚",
    "estonia": "爱沙尼亚",
    "zagreb": "克罗地亚",
    "split": "克罗地亚",
    "croatia": "克罗地亚",
    "belgrade": "塞尔维亚",
    "novi-sad": "塞尔维亚",
    "serbia": "塞尔维亚",
    "ljubljana": "斯洛文尼亚",
    "maribor": "斯洛文尼亚",
    "slovenia": "斯洛文尼亚",
    "bratislava": "斯洛伐克",
    "kosice": "斯洛伐克",
    "slovakia": "斯洛伐克",
    "luxembourg": "卢森堡",
    "luxemburg": "卢森堡",
    "valletta": "马耳他",
    "malta": "马耳他",
    "nicosia": "塞浦路斯",
    "cyprus": "塞浦路斯",
    "new-york": "美国",
    "newyork": "美国",
    "nyc": "美国",
    "los-angeles": "美国",
    "losangeles": "美国",
    "la": "美国",
    "chicago": "美国",
    "houston": "美国",
    "phoenix": "美国",
    "philadelphia": "美国",
    "san-antonio": "美国",
    "san-diego": "美国",
    "dallas": "美国",
    "san-jose": "美国",
    "austin": "美国",
    "jacksonville": "美国",
    "san-francisco": "美国",
    "sanfrancisco": "美国",
    "sf": "美国",
    "seattle": "美国",
    "miami": "美国",
    "boston": "美国",
    "denver": "美国",
    "atlanta": "美国",
    "detroit": "美国",
    "portland": "美国",
    "america": "美国",
    "usa": "美国",
    "united-states": "美国",
    "toronto": "加拿大",
    "vancouver": "加拿大",
    "montreal": "加拿大",
    "calgary": "加拿大",
    "ottawa": "加拿大",
    "edmonton": "加拿大",
    "winnipeg": "加拿大",
    "quebec": "加拿大",
    "canada": "加拿大",
    "mexico-city": "墨西哥",
    "mexicocity": "墨西哥",
    "guadalajara": "墨西哥",
    "monterrey": "墨西哥",
    "mexico": "墨西哥",
    "panama-city": "巴拿马",
    "panamacity": "巴拿马",
    "panama": "巴拿马",
    "san-jose-cr": "哥斯达黎加",
    "costarica": "哥斯达黎加",
    "costa-rica": "哥斯达黎加",
    "havana": "古巴",
    "cuba": "古巴",
    "kingston": "牙买加",
    "jamaica": "牙买加",
    "santo-domingo": "多米尼加",
    "dominican": "多米尼加",
    "guatemala-city": "危地马拉",
    "guatemala": "危地马拉",
    "tegucigalpa": "洪都拉斯",
    "honduras": "洪都拉斯",
    "san-salvador": "萨尔瓦多",
    "elsalvador": "萨尔瓦多",
    "managua": "尼加拉瓜",
    "nicaragua": "尼加拉瓜",
    "sao-paulo": "巴西",
    "saopaulo": "巴西",
    "rio-de-janeiro": "巴西",
    "riodejaneiro": "巴西",
    "brasilia": "巴西",
    "belo-horizonte": "巴西",
    "salvador": "巴西",
    "fortaleza": "巴西",
    "curitiba": "巴西",
    "brazil": "巴西",
    "buenos-aires": "阿根廷",
    "buenosaires": "阿根廷",
    "cordoba": "阿根廷",
    "rosario": "阿根廷",
    "argentina": "阿根廷",
    "santiago": "智利",
    "valparaiso": "智利",
    "concepcion": "智利",
    "chile": "智利",
    "bogota": "哥伦比亚",
    "medellin": "哥伦比亚",
    "cali": "哥伦比亚",
    "colombia": "哥伦比亚",
    "lima": "秘鲁",
    "arequipa": "秘鲁",
    "trujillo": "秘鲁",
    "peru": "秘鲁",
    "caracas": "委内瑞拉",
    "maracaibo": "委内瑞拉",
    "valencia-ve": "委内瑞拉",
    "venezuela": "委内瑞拉",
    "quito": "厄瓜多尔",
    "guayaquil": "厄瓜多尔",
    "ecuador": "厄瓜多尔",
    "la-paz": "玻利维亚",
    "lapaz": "玻利维亚",
    "santa-cruz": "玻利维亚",
    "bolivia": "玻利维亚",
    "asuncion": "巴拉圭",
    "paraguay": "巴拉圭",
    "montevideo": "乌拉圭",
    "uruguay": "乌拉圭",
    "georgetown": "圭亚那",
    "guyana": "圭亚那",
    "paramaribo": "苏里南",
    "suriname": "苏里南",
    "sydney": "澳大利亚",
    "melbourne": "澳大利亚",
    "brisbane": "澳大利亚",
    "perth": "澳大利亚",
    "adelaide": "澳大利亚",
    "canberra": "澳大利亚",
    "darwin": "澳大利亚",
    "hobart": "澳大利亚",
    "australia": "澳大利亚",
    "auckland": "新西兰",
    "wellington": "新西兰",
    "christchurch": "新西兰",
    "newzealand": "新西兰",
    "nz": "新西兰",
    "suva": "斐济",
    "fiji": "斐济",
    "port-moresby": "巴布亚新几内亚",
    "papua": "巴布亚新几内亚",
    "noumea": "新喀里多尼亚",
    "new-caledonia": "新喀里多尼亚",
    "johannesburg": "南非",
    "cape-town": "南非",
    "capetown": "南非",
    "durban": "南非",
    "southafrica": "南非",
    "cairo": "埃及",
    "alexandria": "埃及",
    "giza": "埃及",
    "egypt": "埃及",
    "nairobi": "肯尼亚",
    "mombasa": "肯尼亚",
    "kenya": "肯尼亚",
    "lagos": "尼日利亚",
    "abuja": "尼日利亚",
    "kano": "尼日利亚",
    "nigeria": "尼日利亚",
    "casablanca": "摩洛哥",
    "rabat": "摩洛哥",
    "marrakech": "摩洛哥",
    "morocco": "摩洛哥",
    "algiers": "阿尔及利亚",
    "algeria": "阿尔及利亚",
    "tunis": "突尼斯",
    "sfax": "突尼斯",
    "tunisia": "突尼斯",
    "accra": "加纳",
    "kumasi": "加纳",
    "ghana": "加纳",
    "dar-es-salaam": "坦桑尼亚",
    "dodoma": "坦桑尼亚",
    "tanzania": "坦桑尼亚",
    "addis-ababa": "埃塞俄比亚",
    "ethiopia": "埃塞俄比亚",
    "kampala": "乌干达",
    "uganda": "乌干达",
    "kigali": "卢旺达",
    "rwanda": "卢旺达",
    "dakar": "塞内加尔",
    "senegal": "塞内加尔",
    "abidjan": "科特迪瓦",
    "ivory-coast": "科特迪瓦",
    "douala": "喀麦隆",
    "yaounde": "喀麦隆",
    "cameroon": "喀麦隆",
    "luanda": "安哥拉",
    "angola": "安哥拉",
    "maputo": "莫桑比克",
    "mozambique": "莫桑比克",
    "antananarivo": "马达加斯加",
    "madagascar": "马达加斯加",
    "port-louis": "毛里求斯",
    "mauritius": "毛里求斯",
    "victoria": "塞舌尔",
    "seychelles": "塞舌尔"
  }
}

